{"stats":{"minecraft:used":{"minecraft:stripped_birch_log":50,"minecraft:jungle_planks":12,"minecraft:oak_wood":22},"minecraft:custom":{"minecraft:time_since_rest":46910,"minecraft:play_time":46910,"minecraft:crouch_one_cm":285,"minecraft:sprint_one_cm":3957,"minecraft:damage_taken":60,"minecraft:walk_one_cm":23017,"minecraft:sneak_time":125,"minecraft:drop":2,"minecraft:jump":79,"minecraft:leave_game":3,"minecraft:walk_on_water_one_cm":191,"minecraft:time_since_death":46910,"minecraft:total_world_time":46910,"minecraft:fall_one_cm":1127,"minecraft:fly_one_cm":90333},"minecraft:dropped":{"minecraft:oak_wood":2},"minecraft:picked_up":{"minecraft:oak_wood":2,"minecraft:wheat":12,"minecraft:tripwire_hook":2,"minecraft:iron_ingot":1,"minecraft:crossbow":1,"minecraft:dark_oak_log":5,"minecraft:string":1}},"DataVersion":3955}