{"stats":{"minecraft:dropped":{"minecraft:oak_wood":2},"minecraft:picked_up":{"minecraft:oak_wood":2,"minecraft:wheat":12,"minecraft:tripwire_hook":2,"minecraft:iron_ingot":1,"minecraft:crossbow":1,"minecraft:dark_oak_log":5,"minecraft:string":1},"minecraft:custom":{"minecraft:time_since_rest":37404,"minecraft:crouch_one_cm":285,"minecraft:sprint_one_cm":3561,"minecraft:play_time":37404,"minecraft:damage_taken":60,"minecraft:walk_one_cm":18462,"minecraft:sneak_time":125,"minecraft:drop":2,"minecraft:jump":56,"minecraft:leave_game":2,"minecraft:time_since_death":37404,"minecraft:total_world_time":37404,"minecraft:fall_one_cm":1127,"minecraft:fly_one_cm":62820},"minecraft:used":{"minecraft:stripped_birch_log":50,"minecraft:jungle_planks":12,"minecraft:oak_wood":22}},"DataVersion":3955}