{"stats":{"minecraft:picked_up":{"minecraft:oak_wood":2,"minecraft:wheat":12,"minecraft:tripwire_hook":2,"minecraft:iron_ingot":1,"minecraft:crossbow":1,"minecraft:dark_oak_log":5,"minecraft:string":1},"minecraft:dropped":{"minecraft:oak_wood":2},"minecraft:custom":{"minecraft:time_since_rest":65861,"minecraft:play_time":65861,"minecraft:crouch_one_cm":285,"minecraft:sprint_one_cm":3993,"minecraft:damage_taken":60,"minecraft:walk_one_cm":30498,"minecraft:sneak_time":125,"minecraft:drop":2,"minecraft:jump":103,"minecraft:leave_game":7,"minecraft:walk_on_water_one_cm":191,"minecraft:time_since_death":65861,"minecraft:total_world_time":65861,"minecraft:fall_one_cm":1127,"minecraft:fly_one_cm":92467},"minecraft:used":{"minecraft:stripped_birch_log":51,"minecraft:jungle_planks":37,"minecraft:oak_wood":22,"minecraft:stripped_oak_log":27}},"DataVersion":3955}