{"stats":{"minecraft:custom":{"minecraft:jump":22,"minecraft:time_since_rest":21912,"minecraft:leave_game":1,"minecraft:sprint_one_cm":1500,"minecraft:play_time":21912,"minecraft:damage_taken":60,"minecraft:time_since_death":21912,"minecraft:walk_one_cm":6081,"minecraft:sneak_time":2,"minecraft:total_world_time":21912,"minecraft:fall_one_cm":858,"minecraft:fly_one_cm":25963},"minecraft:picked_up":{"minecraft:iron_ingot":1,"minecraft:crossbow":1,"minecraft:wheat":12,"minecraft:tripwire_hook":2,"minecraft:dark_oak_log":5,"minecraft:string":1}},"DataVersion":3955}